{"cameraMode":{"drawMode":2,"name":"Shaded Wireframe","section":"Shading Mode"},"sceneLighting":true,"audioPlay":false,"sceneViewState":{"m_AlwaysRefresh":false,"showFog":true,"showSkybox":true,"showFlares":true,"showImageEffects":true,"showParticleSystems":true,"showVisualEffectGraphs":true,"m_FxEnabled":true},"in2DMode":false,"pivot":{"x":12.831887245178223,"y":12.646206855773926,"z":-58.43006134033203},"rotation":{"x":-0.045926619321107867,"y":0.0017396246548742056,"z":-0.004061057232320309,"w":-0.999599814414978},"size":10.470270156860352,"orthographic":false}