{"cameraMode":{"drawMode":2,"name":"Shaded Wireframe","section":"Shading Mode"},"sceneLighting":true,"audioPlay":false,"sceneViewState":{"m_AlwaysRefresh":false,"showFog":true,"showSkybox":true,"showFlares":true,"showImageEffects":true,"showParticleSystems":true,"showVisualEffectGraphs":true,"m_FxEnabled":true},"in2DMode":false,"pivot":{"x":-9.235797882080079,"y":11.692365646362305,"z":-313.70916748046877},"rotation":{"x":-0.6189478039741516,"y":-0.012979553081095219,"z":0.0048692128621041779,"w":-0.7861233949661255},"size":118.41799926757813,"orthographic":false}